hash0,task
8e8ce4ccec2d2e39a99080e835fd66ba,junk
bbfb9b57a4e3434098239018fb94dd9b,junk
0b81b0c5fda885b25b72db0c8bc07c7d,junk
dcd71349892ceaca922032391e066772,junk
c4274b98f1c3e82a49c3b4933aa44a4f,junk
e7a4a817c99041d8936c1cf09c8c7003,junk
7dc1cf506f4908bcf18fc78d77b6abc3,junk
7067211b47ecbd74a9842827605c9c03,junk
153af65664a8c010caf7e72e827142f5,junk
c1a0805ea5ceee8e1e9af54813217883,junk
69144e6461fc90b0dc2fe92ccbff4a99,junk
20c54fe139f50f975a31f6ef6e6b34f1,junk
04b4b6801f16b1f1cfaf4498d26ae426,junk
e07c02124675469463efde9494b25b41,junk
0abcc6fdabb84f18973b3fc3f903860b,junk
aadcb9f78cd76dbc136f2890e2b4a3a6,junk
138fd47f356cc820cc08cae3af1c9a09,junk
4676cf6c4419e084907043e745f698b3,junk
ce79185810a2f29401d9fa8f2c1b46c0,junk
861072db9bab7a5d9c51ecb46ae63c9e,junk
eca02ccc3caf62970c2fef1f27c263de,junk
ccb0df450cb942402086b3420d1d9cd9,junk
3edb7d60633a40c56351a2a3713717da,junk
c47fa371472ec1a7e0210578440c7620,junk
b4a1870da0624476b6a24787c863b67a,junk
4f2db3ecb0e57601418f734cde5ca0bd,junk
dc7315d8c2c0ccaced01fa3a2f00231b,junk
255114b34db2d3ec3fc8cd7a89cd8631,junk
5946d254b3e5a8243f84441fee30d18d,junk
aa09075caaba0b7af3cd48725ff0b85c,junk
0c72ec7e4945beac6c24622f80ab3c58,junk
d458474ada6b6e48215af89218fbd00f,junk
07502f3b7cf73be3af0686f499ca4208,junk
1dc677a5fed073de86ffdf5c6812c737,junk
77a549d4893545ca0ac4f541674d4623,junk
2719bb5d4348f4cdde1983b5d41cbe00,junk
a35604bd8d6996e6bf58561ecac7fe73,junk
0f3817ad604ff8aeb29d5b99570b5efc,junk
65a5c68c42535875a9c9c96e898b1b67,junk
986c0cf07b6c4fea1108433be0495582,junk
7b5d8a3ce81c3adeabd9386f9aae39f6,junk
1689c59a73f541a4730d5a8e00908e5f,junk
9a01a633e22e1b333a4d65154c0d4978,junk
05033950d9f9513f0cbe4100f136f508,junk
5bcaf04b49a2777a6d7c0e1d04bc27ec,junk
92388acf290eb4de6eae9c1ebd5fa8d5,junk
b313139a6173175b0100c4e197d12198,junk
95b5a739e8937e50be15345747df0eba,junk
c6c179a44509b2cf9ada8eae679f62e0,junk
81cb6ea6659e9ea08869cf617a4bdbbd,junk
65a24966c50135fb91cc764105708ad4,junk
c4a9220e468aa77cdfef07bc40bacfa5,junk
d1438a3d2d2972eddef576cb03e3c4b4,junk
64c54ad1a8ac193c602fd2b6409045d5,junk
df3703da77ab59a92f1ae3807f3714cc,junk
daaf483570c4151eaf0d91280e868b38,junk
4c1e2959f4a03a66fb0a00ce65085f0f,junk
907855eff590e067f457497fac8db94a,junk
cb94c37c9fe1ef10b44f441610cc0102,junk
6ebd6f498215bdca9a32122c9c98b863,junk
c2c98f5ee020220b5552f7a26b0777e7,junk
e615c21a498035008ac0b1b34de73b74,junk
54daf9aeed9cc16af785ef31e73cea89,junk
1d37cbf5a366aadad9185b4a391322b4,junk
9056bd33b0adced9ddc6c311c9e81cb8,junk
7b033157afff143fae54c2fe96aaccb9,junk
b134c98a5598f7a9d44ee94e8cb0a269,junk
9879d5913109b86b7ca98f28943ed613,junk
699fdabee6926ac15ee7ef1a0f608207,junk
b4a02d2f6014f37198bc575eb2ecab49,junk
e59196a1bc29fb45cf3f0c2f62184fd3,junk
05b26818f344e38820bd59716d6312f1,junk
fffadb03affd4714060b4ae06a844f97,junk
d4c5b6f90a75bc3a70dd84a27a4f5ca2,junk
6831688f91e9813a90a2c129a2827812,junk
f47ae2e80ed1f087478e048b91bd53e4,junk
fa64320b9393519c5ea9423592e91958,junk
7a181b558c826dbf8c428b5105d46a03,junk
d0f887bc6d8d6769a62d455d2b2be0c5,junk
798580c0f2fe8659bfd5ca460e917aa3,junk
545cf23684c2a11ad3f43c42b9bad85d,junk
de92c39b846c50593bbd0bac543716eb,junk
9ddd72a9abf924c93025f03cbd404d47,junk
813c1560f3cf92e37e952a51b0a43334,junk
041fe15d4f4392a04625f7e15898f4e2,junk
a74af496b03db188a97018d610ec10d5,junk
3599aa43a930cc66a8d6a66e65c719ab,junk
5a6039f9fa0c9813e92966eb7a19b80d,junk
5d449ec6fcb4f16399d39a35d713abf4,junk
7f79242882e3149f7498f8c2700ad786,junk
1b8e57a1d2e487263aaeb2f60f59618c,junk
3317680759642674d8fccb045a2809b7,junk
f90fcf6a16f99845a1d027d097023042,junk
d971e20c58417c9cfc0d32e6f93146b1,junk
87a261a5cb350ff330ad96890b72b21b,junk
aba5cd40820da2ba3fb0cff9e046d315,junk
0d8cbb8962e22d5721d19c3561d297a0,junk
84fde379c3f0a06986e9da3036f35ef8,junk
cc6e248c7cdf6f9b875626d2326bceb6,junk
d47d8482f3ecd725dbea8694b9647e9e,junk
22623535a147b075e1f66583900467a1,junk
f937f2df955d014032640d214e22faf0,junk
8e95ec548d5e54f313f6400e17cdc527,junk
854bba30cb917c6c53eceb2d1681311e,junk
0d7b99ea07e110c588f433cbc50ddd61,junk
41417b4a506c8235a2710874242cb93a,junk
bae535469da183bcef41942942e1b671,junk
1477487dd94b3f677ffdbf9be871fb98,junk
cb780f33e3214024c113660d81eb8d39,junk
06d6cafbb5428abc07fc383054ef010a,junk
e14703cf34fd050c5b15969dc1b97068,junk
ddec417a209c2d8af1933d1cd978bb4c,junk
4656555291b90c2ec6cd81ac664f72b2,junk
0547d00d8970b19ad63f6823554420ae,junk
7996c2ba05ad3142085c8ec1c603b848,junk
54e69d16e53dfb1f4c1181f340606a85,junk
5946222ad66dab711c4168eb211041b9,junk
27c8c23c71bd96ab2eefa272efa1b4a3,junk
172d8ab48ccc15495aba82a83701c282,junk
d4848aef25a72e2084429324fb29ba63,junk
c9aaca0657b7e751d366063167d7fce0,junk
0398c207ffeb0a938cd0d6ff1b5733f3,junk
0a37a0fbc4f38a96519f09fdda581bee,junk
21ecdb554da20d9b73b1d5ed59533d48,junk
88c63c48dc6387e71a9dfcc754bdbc7a,junk
f523f4d343ba9c6b63fd5a39ba8efc2a,junk
fc63cc92497a8ff14fad28b3708f201b,junk
363ed226db9aa79174c56a23d205b1af,junk
b64e00619eb378d22dd459f180682448,junk
cd6de806435c42086f330aa72c2e7afa,junk
b68a52dac87bdc6ff8b1c20cfbabcc09,junk
ebe275392e60ebd78336ddd149629a59,junk
2450ad579a6f3044dfe0c654e21396b4,junk
4c0ccd4fcda8e82e8aabce7a814a6473,junk
9adb30b51a289f7e627f53b444d5fa9d,junk
6c22f282d116cd51dbd3ade1e2829833,junk
f211f203e7b9c3fc1e7f8b7fb0e952f8,junk
d460ef690a24a35852df020208090119,junk
b1d32e62f51e7f2ca9fd43cab53591f9,junk
5d944c76fb870cc56d9f6f88c858d511,junk
eae45c219b5f8d313469c2c2730e5d00,junk
fc588ac47a72af805be7295c47ee22b8,junk
f54e638045c61ac01e2380d1432f833a,junk
da7dfd4fbf28e1b0b77d0ea502a6cf8d,junk
95d1dd32045bda4e748b336aa4c15c28,junk
6318972e3e7ecffc811c7b2bcf8362b2,junk
d0fc7d678407ee644933c49b5e599364,junk
214ff61c45b695e964a5e23d41f3faea,junk
3507800cd50b729e9284687c51f88911,junk
b9ded4bf8224e7cfb0f6343d368912c5,junk
0b60cf456238121f08a6c82aa924644b,junk
96800be4fdb303a096e0420f2697fd60,junk
7ec0ae03bc30ac698d2c846b70789ef5,junk
dd706d2bb0a039e4dc2ab73ed530ed11,junk
d872721c0d88b7022a4406546bee7d6e,junk
c2b9b0b9997c5b96daae8c3f3f39f88f,junk
5d299ec3a8e4ce6051356874bc0bf947,junk
841efb96f1a1e37415737b7a47f80297,junk
c830b06d47816cf0bd3bcefacc903b47,junk
ef83a59d2d4ab486afe5e0649a909a7a,junk
b331b9252ee015d3477d8a23c9c9a261,junk
e9badc24fef6038e85da37f3cdaa8ee0,junk
e84e6eeda126243ee5c73d05b27b3894,junk
998baead8376ae21b448c49dd7378a88,junk
631e56f771faeb39c84312a9851b5a22,junk
d173bcb3f91e4a972b417b84ff2b5584,junk
dfc7729c2c099303c19773bc0efcda92,junk
7393c1c6e5cedcaaf9c3c08d3e081394,junk
7ea2b1b9183c2100105c8491c9ecd0a7,junk
d03f2641d7e55413f8585a3535c6c9bb,junk
1ef410fb5ead4e37995886332fb21364,junk
11eaf4d9518c3a0b7267c0139a449574,junk
23acba17c9cf0da417c23c1462cf953e,junk
a4bc2f14863513680fc4bf98ca11935b,junk
cb7c3feec059e0d7e8f094126b594966,junk
2cdf10315364db59a4d943c75e3cc79f,junk
01d98f4b6444f00d22a1375ec3a8fa42,junk
cae2449c4b425d23632949da26402806,junk
d5ee2d0003cf28b6a4d244cb21591ef8,junk
a5c4062684cb7faa4f5e5a1ea4e4af75,junk
79fa46868fca844d5ed00e26b554c5a5,junk
9b46d427980f0ef1d6965f1e50ae4b0b,junk
1e2944d462c31dcbf97ffd6df9843f40,junk
acc2a69dd52c6e18a62597044babd25e,junk
7b0e926032616a834bb0b576cb144f0c,junk
ac3a8bfb3e0e6ffea8425e68dbdaa7d6,junk
6293171448c32bf3b3d83c65cfe7b248,junk
07545adde1c515c9bfcfa3318cfbe05c,junk
f58231762a6434b32df3a970ecc76d4e,junk
649f484a4a657561d78b84ce37752152,junk
9012008a96b2c6b6716b5257f802f08d,junk
a9380d41cb16662c25c4ac7d1a497a92,junk
27c556aabed31a3b031189554446ec55,junk
6ab865a7ce96fdeb3d610dd8f235d799,junk
9360d034d6dd33e59c93c98ae7d7a2d5,junk
2885e1568304903d9c82ddfdc049c439,junk
49058b10bb75b3d15ff9744a58eff1bc,junk
79e5daa1e565632d366a41c53fcca3a2,junk
80250e2abd937b23f4e4610845666a86,junk
da8dfc78525bf158267fd132722b4b85,junk
a9d68b82008e7a1a851678587a5d8601,junk
8f14d8224e4c5e65f92fb800a3dbc112,junk
fb2fd277cc5910edec36fe8337673fb3,junk
5cf87fe9d1aaf047cf5c949ed913c273,junk
2e71cb4103428fcabaaa23af9d37e56a,junk
348ff43c3d3b0ad97a02c6b491ba2c3a,junk
bfea33f033e6b6e5dd90eff6d3c06e38,junk
1495c9b2176a3a277c5a6269186eb5c1,junk
f3c43b8173b3b868d24a2d2ec2235119,junk
2eea7b741ca86c1bfe787e0e7260c28c,junk
2798c00bbdb10efb7f444d2bceb1bd59,junk
91a6ef81ec4740b0a5424a8b56ff190c,junk
212f2598e1815bb32fa3f2b7379f73f2,junk
412c50c7b2a3771267ea04f341089d0e,junk
dd745d8b6445e14ca6e4aac1799f4def,junk
9bb9c632920a272866de1611c5ceaf64,junk
029f2b2167a40e3f10962bd0b0f6b981,junk
6b58f166c726ee842fbce7483cc588fb,junk
17221d9b542d20cc1ab0b309042e5999,junk
987c0df17f20faf014978aaf5dbb467e,junk
0f3ccfe5230fa46a99c9947d23f65711,junk
1e73e23c9959d89753b8399a589ea9b6,junk
88c04e8bf74641c3a404282c246892c3,junk
f3a942d6d38174041ae42f0b05997ef8,junk
d71105c49ba5e1cc730d60841a189579,junk
606ec86f01688fcac32756f142cc3e28,junk
f34347223dca6c2c50b5a8757402b6e8,junk
60dab34a9a238d8ddb4ce544c14c33d5,junk
ac76b3a275dc8f9eae982d6567ce903c,junk
d6933734feede8660684db7c5b37696f,junk
94944fd9f698a07ba350c49a9ed01541,junk
6553513d33e933d45023c34fe5ed6b29,junk
f970bd5aa17206fdcea6083f2a329ade,junk
8c6fa3096d72e95fbf810125a1b889a2,junk
0e663476cb601cf96b5afd1a38f28735,junk
ebe8fd1710ee81a6e31726382ca60618,junk
1f7f3881aad85bcf26908f6490392f3f,junk
3bfcb0e83a0246d6b43bb37434c0a841,junk
6b0d436fd2f4ef0767d732fffe85139d,junk
f380b9426709ddee4c5d9254065171bc,junk
331a49f4f4b952e96f7bbfe4f85c1d51,junk
e489eae08d9b7131a65bcd8cec6c3d28,junk
cebee8f574c7afea72109c7256da2a73,junk
da736990f85d3b7ee6e5176e520363dd,junk
cde04e48a15ed84f69644140b68d58b7,junk
d105502aac4ec853aeb73771303cb86c,junk
c9474645e1bb5c8022d71f6ef3f71545,junk
636f6628b952b36ff1eb00cd39621466,junk
76b9bf9ab1d810551c4b4e7cc1a163d1,junk
58c9051c96e153dec9fa8384f480ab88,junk
584b128019a57bf2588424dc49db3ddd,junk
0112f12044ae8351350f7d1f5b1ca185,junk
982cc89ba2cefdf6e46d1291c53abd20,junk
cef4c9d20dfbd066ce666a5ea6e3b519,junk
6cb33969f5665b232862df629d1c6480,junk
1b4efbfae3d38b09927f864860fdbcba,junk
336815d54d5a13f4bd41f2cea4666579,junk
8c19c550681be8eded5e8fcf09733c0f,junk
1a6f7616d6967269976332e73bbc449b,junk
370e3e74c7b64d50764302d19f6f84ac,junk
dcaed42b8d90ae4b88e0f3f75594007e,junk
d1bcb7697a4c491c6afc944f2c0d0dac,junk
d8492702a2764f232ab81bdf7093d7bb,junk
739abbf0db77ee259fbf615dd35ee258,junk
d5d174032798c4c19568fe7ad607e9fb,junk
b6a07a20dace6b1798e2839781cdb9a5,junk
a1609d8415513e501fa09035a9ddf249,junk
b44d8c6bb7465ccbe89a80f1f37d98cf,junk
73009cbe0f16ae2708450c1853da7636,junk
aca3cb7c16b555e375e0abd683e6ef11,junk
58b4cdfdcbb51bc383a621e171886dc6,junk
d726555e78a594b8aae9826c7ccf71f4,junk
312beea6fe9c7265bf145df0b2638ca2,junk
c3759f18a1777708319e2e885588e0fc,junk
f06a22937fd7d1935c67bf6c313212e9,junk
10f7b70bbcbeeadabc72f5a1ffaf43b1,junk
1c8766b25680bf0c6b0ae2cd55cecd0b,junk
2c00979bf411996f327d506d7324d26b,junk
c15b941fb4e22c98fc9d55c84633e2b9,junk
7be204480a83110572330037e21a5b9c,junk
7ddb800c2fc355223f1f7b77509d5a7a,junk
a16ec05a26c85eaad95e0233a24d977f,junk
4a6ce15979d82589b9ae7d02f4c3425a,junk
93da119eb1f185e01efa9212e7cabcb8,junk
75e6fc53928393c88c07e6885640674a,junk
0d70a49cc9f0cb43439d6082970289a0,junk
fc6e8cd003326fdb1a453fd0ea9f691b,junk
2fdbb2f09d4550cda2b6dcb22a6aabd3,junk
b996f4f2f888a6d2c41631af9699aca6,junk
a0136f42919da64700e824528144f4ff,junk
859a0131119e1614cf5ca421da3afbd6,junk
8fa525e496f0374d0daf63196efacdfe,junk
186e41f9c341dc1b28dac14eaa6e4d20,junk
e4189f8318041f9ff7e519e0cf31bcfe,junk
62bf6cd0797fc67ce039a4d7e02463eb,junk
1e51c31a7ed05510b44e6c42e0afb5fb,junk
1e9514eb49c2e5ceb627629c86ebdd51,junk
8cb50f940b096997d3502cf710acc29e,junk
5bee22ce0f39effbadd62ccccb80dec0,junk
a2c07873cf0165e958a9d5b956a98535,junk
02efec926577412426d219445c342d5a,junk
5cae4f1e68200d895bca8f9025af1f5f,junk
fcd59c555546a8c9d3756a0fcdc219af,junk
360021e89b475fa5ca3e117957c9223d,junk
8c36a34b530b8700dc136f7498fa83b7,junk
b004614d0df5b010af2a568ab864fbad,junk
7828981cbdabbec1f7e8998c6ed89cdd,junk
bf5c0087e7c721cacfd5b0799100a62f,junk
a0ab18efebdbbf7f7beb906ed1b3cd4b,junk
b37068ebc36c62b2ff7778f7632ee2c8,junk
7ff999a04469b97540a64955564bdd05,junk
b9ca1b7c889282e140c47e414cd86e31,junk
32fcfd1143cf339ec31b3b25491ce5c7,junk
03853f8bbd17dbcf9bc6ea1d3575767e,junk
ac5af5a9367bc652d07fb7fb0f2e42d7,junk
09a7f1cf67be622fdec41458af6470d7,junk
38d03539837dc91c8d0981fafad6506f,junk
25c1ff2d87e50695d2906fc750f72f7b,junk
327dcd8940185090e2e4ae5193cd9023,junk
3911b549122a21a3ef703d9470671481,junk
b87d1b59cd5f12473e650339b04329cd,junk
36979875ecda7cfaab48ea2148f40d59,junk
e313d797621ba26798c9a261a8bde54f,junk
8a862982a981817ffb1e38479ba24d20,junk
4fd9771998f7f25607ee23dc0ca481ff,junk
00dfb1c640efbd75b3dfbc268b324102,junk
e4166e6a58ce2b520cd6fca6d5b0f995,junk
bba3e8b2c7115097dee81a0f45047480,junk
2f9f6aff8d68c9cf95e9612b7814c7f0,junk
4cb15b3a8fa157b14df276327ef03ac1,junk
aa3ca8157b3b9170c00052b3be699bcf,junk
2e02adeaf098444723694212ec225f43,junk
860a757185fe00d6fca4cd02db457cd8,junk
0047896cc4d511577c5c257663a0f46f,junk
69bfe5abf048c3326bd54077e5996e42,junk
ecadc8afc217f6cda65629195fe95a7c,junk
b1abf27e997456031b6ed21a757ee309,junk
01ec0d9b58ab547fedf8cfdec6b7db7f,junk
d83f824c4f0ff43b138eb39bb6336fff,junk
11936f1c5637820875fb76afc9bd2fb4,junk
97e8cd6d1b0a033755f9ce0b021b65a1,junk
a93e3e82d83ac7919e418018625fac06,junk
86b22ca4d5414583ac716f34d1228a53,junk
c048229f00a67e7274ca3c8a10a45b58,junk
b3b565090b762355093ade4a3eeb76a4,junk
a359ae41afe1ce7d902638d6004bfe9e,junk
f9d409afd7d30e1f60117fb34d6bf7d0,junk
b876a9e1575d549a0c2b6a8e3dc1578c,junk
05e741472732d196c0e9ee401014425a,junk
ca95b722f0f05c1a77e55bd2d36fc9a5,junk
bfd6e2292f05ccd248c6d9a0f1a20658,junk
746e1d330f9087087402308147db8b1c,junk
e3b77ae063b8955f6c4d821308275d4d,junk
ea26e81fd8c1d10729d709955f882b73,junk
3de88d7094df9fca561e430215cbd40c,junk
9b0595426af700e2ce17f4c318d72ccd,junk
46b26f8657b2f9caec773f15ada49bae,junk
1e99fb092b6050b373fc0fecb4048d53,junk
0fa0e158af2318517909a21cc9a17530,junk
345ee9467818bc8d789e212926d9b4ac,junk
61b10a9c2965d5b076e250f8297f2425,junk
8241e516174d22db4cd5919b7a5dc14e,junk
f810b97d7dfd21c829b2de129b9f9ccf,junk
1b2ab7c856fe9cd7fe1fabcfba287b8e,junk
b80e3ebb25d9c3ffd2de083a4ee5a102,junk
63dded775d3d3c177a021f62a8a4bd83,junk
ae2cbd1608f4cea4d24bae839a1dcda2,junk
46e2152b10307c999c4ea4e1e721f7df,junk
acce5bde43cf04f5ee7e7e4defa9749a,junk
87b2ea257423f42a35cfa0a673bdb4ad,junk
4abf66625c783c6ad8b07442053628a5,junk
7989199e40aa1182f0e1f40ea9989a8b,junk
dc07416da68392e794bb15fb8f8d0a50,junk
3b73cf3bff7459f4a33642d6f92010a9,junk
5275b1fc08a8b52177708131d9832600,junk
6a15b9744c2d3037690fcd5c0f295c66,junk
6dfc91d68be0727be37b0683a2ecb915,junk
b468c2dfdd1b20bf45657222f797177a,junk
e0b54d9f3a6b2dadc5035f87614bf827,junk
d9f6fe87dfd45fb45f42687e2e2c6d49,junk
47b10f182c86150a1a366c06287e0574,junk
277c2b28d932be33d17fc65b1db81aa0,junk
da51277267788b293f382bd098203037,junk
f02c9e5271bd1995593b0e635e29c417,junk
b10e477d4e3705452d699c34b296903a,junk
003dd79278b7cdc92e98aa0bf5a17bc8,junk
4e3ddf5642f09f4e6b682020b1da50fd,junk
79ab6f9c7672c061edd5ba277efd23d3,junk
9fc10f4654019edd39d5aa6995d8fe2a,junk
48bb6a84992b624341f97772bd308c7e,junk
e7a699d95378b9b4e203f7fd05edce25,junk
d9e4608309712b819612fed55c1341d8,junk
4279e2a0844a546129d543fac7cbf9e6,junk
8f171c75be2dd0ff373dc96d0a854913,junk
a270c44bfc4a46600ad7e565efa93d22,junk
41dacf1c8739cc6455beeff1095b6c5a,junk
3718061da71cf84a01d9303efc8c8531,junk
005fef4396280abfcc2ba7213a00566d,junk
db9044016fe158e0efe48143684ecbd4,junk
77d35cdfdf0ff268771a5557e82f6c7e,junk
153950148a632e39e02f4702d9042251,junk
ab301e21224f540e7f7184d4979e8b3b,junk
54ca10ead5566d29f2216efe786e553a,junk
7496812b50909df4e938dda707a0ecf1,junk
4c89929faeb2de190075e6c03d9d9055,junk
83cdf5bc83536c526c27872ea33f12d2,junk
0a3e4e908369cbfba6b7cbeb1bee2fa7,junk
2c1e0ccef001fc2b9179b5c5d8dfb701,junk
0373d839fcd2527fbd4235d51e68543b,junk
39685863d1af2c8440ce08485baf7e51,junk
f6867e24b3b84b6166b1e415d8f0635d,junk
1c775c079d7050dfe57651107ee22443,junk
3199532c409275e34a4bedf41a796dcc,junk
adc775688af6747b43c0e601d1de5ffb,junk
d5c6e0e7dc6ce27380bdaa9504089c97,junk
da14d91962351adcfa3e920083863fe0,junk
e05955a5ecd65549f1db08bea57a390c,junk
8cbb2dcd57cb973d12c783a11e318816,junk
45d5070ba637c75a67842777394377f6,junk
b92c57d7d36ec1e9b0ebc411d39e37d4,junk
7f8975da6c8054b64064050cbbbe9485,junk
f5df32c1ed20a52bd87d7a61a5620283,junk
45e663a2cad900f1b998320e443c8b59,junk
3adaea0208c0a8023bbd665e1ec0232c,junk
200582ef008122be50c3cd6fa7bad244,junk
76f12b1fdd4740ab55029d30a9e296d5,junk
f8e768cdb5ac584fc3c3a948390a26a1,junk
da122e69f93ce4e7167fed7f8330adf6,junk
63a0e7d68fb4420331e58e96432f8e0f,junk
a899572967651bcfd00efdb4b16a184b,junk
90d43183f5d23eece88c74b2672a3df1,junk
c417f85bebe0ec2536b6122b08e070f6,junk
ef500f027f55f2f0371c89fa3d4417c1,junk
855b0b04d3e2edcf6dcc814abb4f465e,junk
3c4c12e4cfda86a441eded6f267f40f2,junk
5f210ccb71b9e7f88f90be7fb54a73fe,junk
1ef1aadc36a0f4d7793767c60b3a930c,junk
4051dcd158ee7fbeb4c801a7ac003a7f,junk
5f2fb812bfa5f0358c100ef23a1bcb76,junk
1fd8c97051e04b0f3e5a6b2768af8511,junk
5e3cf2729d88cf9d400b2959b2263045,junk
69210ed95832e909e9fffb3dd455baec,junk
efaeaca4f21c4c98e104a4c88657f28a,junk
eb532a9d3a11d7825161fee2de374b80,junk
e961f139759da6199e41f28f83ebef23,junk
f282db724d7797814dde057e6b406c6c,junk
5efbeb307300dd2fac5dc75a15a5fcec,junk
7d7a1bd4bf026e463a01b94b45d45e1f,junk
57618fd7bb37955614342eb2686fdd1d,junk
f3ccf059ca566815360b740988ccc7fd,junk
65792f39f013adf3cce075c8440cf950,junk
e3a3a6e3904df9bb9e1838c6174c8e24,junk
7f39211668d72f945437c77f20d20ed2,junk
9c69ba7cbf39725d91cca1adb8e09877,junk
fe0dabebf7d3c92774bb65115720b86b,junk
a9a631e33540629cda3750eeb30aac05,junk
0392e17727ac197a70260e965f38c6da,junk
3ab586a9b2d6aa6f483049a5c441c9cb,junk
6c2128ff30d06b5476ad125b4950d84c,junk
2072219c3e4bd8310e04c2e0681c02f2,junk
f79c197594918b8b66605c85c0bfb954,junk
0e376d95a6b21c8986f7faa591f1b6a6,junk
58728dcb40a1332c38e08fe0e5d17ce8,junk
1842cf4bf46fab92c4116dc79d74d3e9,junk
eea9c7a075ffea1fb6db9ab16ca4c179,junk
34caddd63959187fc8719a7d3ccdeb42,junk
4964c3c44b4672c998a2cb04185dcdb7,junk
56e317eb467b73c6b03179c0f37c7545,junk
89b82083f77155b48df8e46fedc09665,junk
ceced8daa8c7ec70c811fe91b1750dc3,junk
bce547635fee21b07a20cd9fca674b9c,junk
186375df9bbd256d918a6ff590c5c206,junk
2a26e6d48bc7553b4b5cd8c37d0b726a,junk
346f515e4dbc6a697c84fc11a9eec235,junk
07ca693ead6a92a7f5e73eff381acaaf,junk
da0119ed89318d37ccd5d440d14c6b3e,junk
77f2568e8e5d749720ef074f161d995d,junk
1c16c48d7baa8140d7cee039dbe077b9,junk
5e8bdb00afd1f672ae2da85d2fd0a800,junk
531e616c705069a08d3ed41454cd6405,junk
5ef863183fac97da5da5055b47e81c44,junk
3f95e19b1901954498055ca819753754,junk
7493707b1766969cd1d3485a5ee1f4f9,junk
9a587746ac3b6376abe678838df42697,junk
6331451c1956f67864c406d0629c0815,junk
307a19857418fc30e3fcee84914f01c1,junk
48686c91603d56bd700e1ed1e44f223b,junk
18fcd79c11177f57d1ca712db3bb3390,junk
6f94ab6b9ec3f2b6a9546ed0afa6c4a2,junk
8779f7bb5c9493d955ecbb5241aed545,junk
fbc9c1061820184fb6f0940882e0fbd9,junk
bbb00dc39ad2228c6457e1a675812b0a,junk
cdc01c253c5dde8df12bcee765ae1a26,junk
c97dcc68107eac7b57722a842c8ffb78,junk
9daa2bd8dc56439881a056a37e5d8d06,junk
28cf82f5f89455d90f46a6c049ce59f5,junk
40208f42dafe84f51596ddbaf3b85a7c,junk
5619725ba3674fba1bcee745fab51dba,junk
93dd5b861d88172eee136980f5d5fc73,junk
87444a385721c477ae9977d27895d26a,junk
3f030e82d462493c0f314781ca53b6c3,junk
88814c0005992948f5345b2ceaa2bc13,junk
9b71fd8d1c2f411b9122635e270b3042,junk
bec021ba561829f6822354aa8e72f4ed,junk
e0290d7e9545bcf1539ebcee4ddb6df7,junk
03d85ba5fc924cbc427463f9dad80401,junk
4d4762cdc8d680ec7c87dc46d52fd8b7,junk
740b02ce1e7070e34ca26560942b20c8,junk
aa69a17c333a4d5df3b85092259e5b06,junk
5a584aec98ccf1c907b40b8835c7e318,junk
db71492098f75c0e979988efd924d500,junk
6607107f8fece56636b1e81897b70ad7,junk
d3201368a04ab2a06eb92d1812aabb4e,junk
baa7942fba22b3c7861c17c3fc4f271e,junk
d9de6f197cedc4f60d07ee4ce047794b,junk
7f9b3c49f4df881ac0dfc4a9f8d7755f,junk
71cd3783b16c129380ead919fd6f0f9d,junk
85d60283a70a85246868e5f73495821f,junk
25d199e1da267a59c5b697e9ad38a72f,junk
288717e1e0be7d17ef9e18b4af707a9c,junk
1b96b9ffa6cedb9cc422fa97329266d5,junk
9bd5e884b499d3d6c3532ec09ef90c9f,junk
aee1d182d8bc4a5f6319685d9df5440f,junk
8cb614fa0e7ee679b018f6b7938e593b,junk
ecc50ff99ca71feaa1c09c3635645fd1,junk
555f5a436c9d1b8082a56f2442119e28,junk
d14c6b7fe2e81f47d5da5cd91338b5c9,junk
2e4f16964549424d149984b832f2dea5,junk
c856a879705a669aebd6f6e131c9d135,junk
f837e151c982f93f9d30bfdd38360175,junk
316d3519e0d1f9e1cdfb36e84ba2369b,junk
a88be5f0a94d2bd5daccecd9e2c8f7cf,junk
ce89bc308d6ca5d9d192c7410ece8e33,junk
3df6ec312ff1503b998d437db315aee7,junk
f8bc0b8fa48b68971344c4d579ab470f,junk
a382a0f81c6f741e0c4ca01d316ab803,junk
4206b3df3ca08ffac27c79f3c703382a,junk
eaa26db19fdddec4c78c32c053f4b926,junk
a094c63b42ad7b095b0d62f16e00f49f,junk
3f574f00a6a47ca0f03c980e48e22037,junk
ca8de79099cf1b1361038ab0400a1ed0,junk
c15743df1c19cc0c82018e4b9647ffa8,junk
f6c239e655a933452a77340b8cf1d9bf,junk
2ebebf10c36b83148f130d5925b93052,junk
2b2e8b657057f7f1a185e90ed807eb9e,junk
1e7e19ae21ef23711cbecb284fda050f,junk
7b39c4a4d4af30ec80c5de71d370c6ba,junk
41c207239135b5d6f400860a88df916a,junk
9c6b3092e1e4bb621264f6bd1d286de8,junk
ea0db6c75628835d617efd84c30e9248,junk
3f9b384de354619ce8a324b193bb7935,junk
7416ce7cee9278ff4a1b2d1fef4a57d0,junk
252492014472ed52cdd288caa1507ebf,junk
23c6f8643befc54b18c25e7ab75fee45,junk
c61bb2e0533f16293268d939ac542d7a,junk
c5c150359d26005cbfd1d9e8c82863b9,junk
24d0370a7d0b602965840e8bec1ebb8a,junk
5334212b8a1f145a65f318456f82fa12,junk
635ed4c9b72f0ffd897f576145612605,junk
f0eeb3bccba6e68d6c0de4af46b52c76,junk
cd07ff5d96472c56e5b2b90999971394,junk
181694b4ad0883feba0030e238b094cd,junk
3afa4f5668c6ed35625532c3ff0ba155,junk
9c05d9c4f5fd394db64072dcd5ef347a,junk
113e090df56689068902e15216571724,junk
139f3d3841d78e7682f4399d802692ae,junk
f32b94b17cda24dd5c7c0a45604b31f3,junk
80be74bb7199b682c495d188d95a6092,junk
e0b28003e69e025a13819e997fc50617,junk
19e78973f18651eb44bea5f20db201c0,junk
e0599fa21544b2c05238e9c5f4954ae7,junk
04fac3ffc7e87f1c71ec0f826b7b606c,junk
5e2c6e9ce9bb284cd277fca006f15be7,junk
f7191586d811f1599ddbf69453af77c4,junk
97242feb4f1ebbe033b9e424bc9a059c,junk
75f9e20fd2ee8a64fe68a67bbf0e219b,junk
b457a2bb6308fccb4e59aacd428f65f5,junk
dc735fa6c31c97d47149153a061d2ad6,junk
7df136ab719f7175cb4655592b24c301,junk
425a2d182aa77ea58513d8c3d46c4f9a,junk
bf2345414dcaaca6d510d9b5e9311bd9,junk
c289165846e40c75a52a47e73d683198,junk
6ff05d64bd694b73fc5dc2b81eb89795,junk
3411bb101d89da6598d1017023f85543,junk
48e994ca4f57b1571dfa32bbf384b344,junk
3f4d3051af226b0bbf6e3bbb538e0599,junk
64d0a4e811070d688bf63a146a0856a9,junk
cfd783b94485815e339c781250f335c0,junk
d92102957f32bbd1960e6b42f5e855fa,junk
89f08aef31091478b0f6deb5ee3d1e51,junk
e7a9f65dc962400a8a684813523ec664,junk
caad91df3100a990d2fdcc6548da7afb,junk
d42168c757635e85499b2d3640a33423,junk
a922088eab04778b93fb9e715566b298,junk
fc5c7791b743baa4125222f846e12c6d,junk
e7224742cee554464fb7852563ffa3a5,junk
57ba9e54733fb56edf174e5e3665a680,junk
0ce7d8fed74d2705f3dcabb1800d19a5,junk
d122484eba6e7112d2c0dbe1d3413ead,junk
6760d291b3c7a664155781a2e91b6155,junk
186b5fdf51e3920e57d17a5d14a13f60,junk
b85236c37494a6a2c7a36302b79108e0,junk
86c5cfe514cb4a42c001ecb17fa940cc,junk
0786b1f034edbc5e5c3087c6a788c648,junk
0873957b0a1b7ab10a678cfc640e54e6,junk
1eb80a73c180ebf02cbeed7ca955aa31,junk
4d5a4d7df7feaa64b665d0a6f3be4160,junk
8ebb6567b089c1e005cd4a0e14f03b7f,junk
0f8d83284c805644bdb5f2e8ce37bd12,junk
136070954d236d7f16d5dc4a39b7179f,junk
6082c7995197b8634f42c3913f3f9098,junk
ed1a663b1d37c19608c9f82bb43036d3,junk
e02ba81ea5ee622c64828614eacbc516,junk
4d3f63ce6877bdf0a44fb2c87b04dfd0,junk
2c0a8490a88b8afe830e3008c3a24c67,junk
89d1429d42aee8cb04bd615020f150b0,junk
f03a259383f20c2fad87020b7a1334d4,junk
e58fb8bc413496f9c42067688c80d868,junk
331494495632c13056dabebb11a0d3e5,junk
ec260d66344806f35a1a608cece97061,junk
0903560cb22839a4067bb2a426ac4f10,junk
5dbdfd5ca3b936a5ceaf279b486b04e1,junk
c53ab0381e9d9345fba5d1273b9bf291,junk
3788aef731e3224a97874e4ac4300a8d,junk
880e3e248ae0b5a303cbee4615de62a5,junk
999c7518d57c8d2dbe7f2b77a835c391,junk
f444ecbc2dce7a14379c7f4d5300e965,junk
a58743b5fba2295bd389c4796590c45b,junk
9409addb2933ce31d58028386d5841bb,junk
69a512cbef890c158d7dce47c1170467,junk
5aed5d96440a29efb512730066c6d684,junk
5c249f0d2d0e457062b541ccabc9c251,junk
102e909c6221a1ac8c5f160680e34b62,junk
3f4da9fd3ef0e64decb867b72625b019,junk
09918241b84f024a496ef10e92943629,junk
c920ac64b90191f908f088dd1f9d4c69,junk
5fc8c2a0ad878c127f11b0ab02eb93bc,junk
fcaf08ddb4270eef7fad79134348c85e,junk
51531c142195d04785790d4be2783a25,junk
b0654fa20060ea8c6c53c6dc633a7c1e,junk
ec157d533b0f286f8c05a6a9a4e79923,junk
9c7bbc258be4ead6692d19312b91b835,junk
fe70f37c453be87f479ec113749ebf83,junk
9316a981ce26abbe9828cec4f3329f0e,junk
a59c5a27e84c849e43a4e4bc8ff3a045,junk
b2a2f584af0330b2440b9a4bcb292fc4,junk
c21359e96c761ad48e795b016283ba99,junk
6f3598ee3d910620b1055b20d66334ea,junk
876f0d9369b4340f1cc34413ff02f5d9,junk
d9de59c0505ee2d7861c90bb94a1e7bd,junk
d595b1c4c2be946a4ed263a6cc8914f3,junk
b51325e3e256fb55d515bd47ef6240bd,junk
015c00bb044cd738e18b27504161bf9a,junk
181c63c6a7e161cacecff4b1a93e02bc,junk
1a47be0150371ed24defd41e5e92cbf8,junk
6d342f5208b06eaafd641d6c31f84bec,junk
c6b1b70e99935111d36f54e75a1c1c1f,junk
17e235e6d2c5097e746910b689ce1877,junk
9f141aa16344f1e051311416c726d47a,junk
aa941f496fea01e15abed279717c95c1,junk
dd3c627ab76fe6c7cf0795b6af0d5681,junk
25f26014fc0c23ca7ad7726745b94242,junk
4e4936fff35c618d28e12a0728af64f2,junk
038a9a892a056200bcf998c6edb77fe3,junk
7a234af423da249f2d0974a6329db188,junk
8c013438adf7eed2a1d81402482147bd,junk
4dc59287e8989ba8b3b2fc655dce0f5f,junk
1ec998577ec53e1a88ee3a332b6840db,junk
2d427d8c7ffdd0f708cb29edf726e818,junk
9a49d6ab97bf45e4fb662ec6933ea81f,junk
641f39081953149f6818aa954b95d6a1,junk
705f49a6b0d96f9e5a694412f8be42de,junk
86fa311cb351b6baf564177e2e06c6e9,junk
f2a11b86bd82558b0b26289eb83b3be4,junk
176ca8d344c4704bfbc51ba2f215b10c,junk
88770b94269626895f2c2e417a4e7d3e,junk
b19b058b74d1ec8af5dec701d3f38f12,junk
828cf1000703cb5dc97cba3ebbe982ad,junk
970552f081523e53465229a7df2aafb8,junk
a84769b960deaddb9eb1dfbf046cc2ce,junk
98ecd9bc77e20f3e9ae6935a659fbb55,junk
1363c28680da1050eb7160ce3a5efc5c,junk
44f1e73a5d85530e33b4b44b66e6b40c,junk
eb1110ae82c1f81b4ba515093861fd9b,junk
16fd8dc8c128427183995a2ac12b6893,junk
4ef102cb24fb78f9bccd383b5b14d866,junk
f75808ab86608cc04b9fe11a744f9b9b,junk
414560ba79527a4e251afa449832fdf5,junk
78aab6ad0c8a04192356b1ce83c98f70,junk
5d2c3e22d17146de7623833f352b790c,junk
afd652b533a30b0fd6ec5dabbc33dd59,junk
683617951285a25ba4ce7dd6ef4ad9c9,junk
cf7859789448e6c2554787cb713cb7a2,junk
43088c9032c90ab7911b3716965e5cbe,junk
0d76a53f92b0854587571f824436eb05,junk
7e5fe18288add91b97ec0a7fea8fcbff,junk
e01bf4c9217d23d2a71ad47d9a3fafe5,junk
4477e3b1b7a586961d1c96173be26d0f,junk
72598119b485f59f0563aed59567dd93,junk
a3823e5143177b0931ddaeb85afcc5a7,junk
b0b126a0e60063206aff7cca69ed3036,junk
aa7f2538e57ece9f1c9b84ef731a3b18,junk
b96af7c49c88740588f6d10e5c65a181,junk
50277755dcf949f82c8a5341809e0e4a,junk
8e778dcb67e7df223e6f282b67dad48b,junk
8e6dea642e6336dfa2ff4a05dae08f25,junk
7f3b5e8edfb343d3299710684f7c4b04,junk
e592bcfc65aa374958e6afffa00cb00a,junk
84e623dea91e86c8d850f8d6683e7804,junk
4c112c2b057cfb557551387821dd9b6c,junk
275d5fbe56f8560894e64cacd7ca3984,junk
ded9018bafd0b2c260e20a01971a1602,junk
2ae7df83e1b2b4982c2062da4949a098,junk
14cc67fe4931a3aa0aabd834c237bf7b,junk
41a1f95b44a5555cd840d8905c9aa824,junk
7d5275bc2919cfc8410769fbc462106d,junk
29f15ca773c39b811442a71ac5f5e8af,junk
8084597a6eddeacb9172d8c92ddadaf0,junk
1d8b5cd520f574f725659247c65eb1d8,junk
71dd813bb2be23997af3b5a2492b114e,junk
826ee6abffbb73512a8c05229d223084,junk
e3d00b5cce829831955668af177f903b,junk
40ae13437869d5a34e2ce2857346c94c,junk
eb4292492cc75b7ee376068e3ec7f5e7,junk
5980cb36f8ccf9521fda640386cecd46,junk
9f4286ab8e4f5f2540732e43bfea5ac3,junk
ea7ec445bd73f29b000da4cee3b5ff56,junk
41042536860d74202e98f961c934bb62,junk
04aaaa0bc142d5b73dab2b44d433fe4d,junk
27a77c724e03f6e822ba245dbb486134,junk
0a402e582b0c281608edac63e1dcaf08,junk
772c9a3efba762c635769956c8479c4e,junk
c8276f3d423c868a090e594e5b53f9e0,junk
2f683db102f0431e8d0c13219ff47baa,junk
ada6ecd862149170326b51b3ab2ab91a,junk
609d035bfeba937e530a6a7cc79e41a6,junk
26e42dffd30a65b94c5ae101834bd34b,junk
c971ce1054b90f90607d33f4b38416ef,junk
448e4154a989a7e9ab7d507eb7dd39d0,junk
f7274ab2ec796987ca8b8e007469fe8f,junk
f529bd23886887149e6ad8ec9884c30e,junk
e3281c5310d34d1f9227adea8523bb83,junk
5b715602d7565da3ec5f34ce4f150dfb,junk
4de0629207d51253569bcda841a361d7,junk
9873f34761abe9d205b86f434def85a4,junk
2b549fb9a1c67a05ef01f12f5dd33e41,junk
fea6d6d1110d9057594525b2f8258116,junk
4ea5076d81465ac76d6d2fe721121a92,junk
1431c9de97b3f2b00a70fd5d040185b4,junk
e37e06ff4c7818e25302aabe69dad377,junk
74cb78bd7f9cc7951c8a51827fd2fc74,junk
322aa6f73d27410bfdeff22e2e619af7,junk
e9fb2759d9dcecb1c937ec0594b72c31,junk
30bfc9e02fe8429a9d5ad237b851f181,junk
95ed52618e9ec308ea0cf24f75b345c6,junk
af6d01c216d7d04644fb04902be1be76,junk
a6bd7937bde44aa44c78759b1ee9f483,junk
acda53d2ec36725aa7cb27aa0f3100bd,junk
eeed98c4fc3efff0c7860d9c858dbada,junk
d188520bfdd952de94ee15612c9ae5c1,junk
c454af77bff2cc7526a8b85415f87a81,junk
6d8acaf05f1d812a3d754970b6f77ea4,junk
ada5d06a7c3beaca2165d19883db0f7d,junk
a47dc38c31eee25d9d94cfd42c1b508c,junk
f59d7f345af4cf827e7518c7c7b145aa,junk
3ac0b738891655c98f73419ace3e8865,junk
fcdbab19a007327c06806afabd51d776,junk
836f3d6ae026b38bdcf80e4e74085b2d,junk
d8c3e9c48837ecefce5e4a8dd0dde1c9,junk
cd000f554cdc19a813976584d4092d0e,junk
398f10810970d30522ba172c98f277bf,junk
c174f7e0abc703a1d639d4432dbfd354,junk
664b7c78490434075d24f1597d830356,junk
9b1cbd5697736973383696f228d6ab76,junk
30244121eae88fa179fe7cfc03cbcd70,junk
ed64b9ee75628829697e4e5c3a2419b2,junk
510dbb8c3c3edfb84d815c8eab3f2143,junk
18fa70e4b5f4f4d844cf7c3ff4126521,junk
53807c3a97fb489ec68b200845ef1362,junk
fdecfb2346d2625209c7d0bdabf867b5,junk
ae20b81a190ecc29cbfec97b6e272e4b,junk
6f4f82514caa646fb287c6b09528a16c,junk
d2d1d4b9f57e8f23f80af14c80fa170b,junk
d1edfdcc57275f4a5f9eca9e3156a4f0,junk
490b289d45c86ccfa60c229dff8211e2,junk
3602a3f684bc0b2c1639bee0aca60fee,junk
85320b8e56a1f8fb24a8bd83e76c01f6,junk
4af46d82b8841d3304eadeb395a4f064,junk
97cd9b568eb34d9511b3259f210a9390,junk
9b49c78db043c7518b1f4e521cfa189e,junk
2474adcbcc56a905917a9b72f8dbfffc,junk
bf684898bc552d45b74462087a92a8af,junk
e3b979b4f95e298eaf0b032567abc2c4,junk
9eccbda77bf0c24c0150e55da7c543e4,junk
25062b376c38670a8a4674e141014bb7,junk
0fd22fb7729246bc8df6310f45908bb5,junk
9de238c89f77f7b20cf0be7bc153259c,junk
e24fc6c2eff660dccf868c6de909b8c4,junk
1b902cf545b4740df758d0eb40add7d5,junk
575b1ac6cee22ad40c8bb2c5bfcb3f5a,junk
b6d3db29e12dd334cf4b65b5159c8b8a,junk
f51383160ebfb1fa75132a495fd29d8e,junk
aa7c1dd547a4ea7c7e69df48641e3fa6,junk
d9d2c9727a1bed13b7af1e271e1149b6,junk
f629171ff797cd18154cbe36e1e69171,junk
fd85540e33006f2637b1763b4054c1f8,junk
f132b06b3f0d17174c65c9aad9540add,junk
abc4308775806fcc631995a2bda5a751,junk
5c00ce08f676dac6a5efb4371941d2c1,junk
9333dd45bac302015ede4d7199463d6b,junk
884ce848e110e41bc32dc3ab3f6fcb6d,junk
a98a4fe5c3f3e836e487d4f1263f7aab,junk
7e2945d20ff2393df9055f902c652167,junk
046d2dfb5d599b2533fe302616dc0286,junk
69eb9ce6b00526332e5324acdfa41d37,junk
f5863bb857fabbb0fa5d42236edc87c1,junk
fd07513830b586e6cd67919cd0e23f46,junk
327f002b9c6f4c082b4bcb84d8650fd8,junk
38aacac502a5330c753b7503b5f24d15,junk
a6cbf3d853e07390972ec6704ff572ff,junk
0bd29e885ec9783a752693381ad01a6d,junk
077cfee89217bb5463eccb04c089ee1b,junk
249f87089344ab5e22292933c2a9a939,junk
7456b96b6e6e12c10faece1c5b5f9660,junk
60abf0e60940adaf6ddba2ae8886518e,junk
5b0da0ce90f281dea76a2e98f419f9e2,junk
cfcd0ee0e1c130b93aabcc9dd1c603f9,junk
36ce375b344b4adda7232959633aee4a,junk
be90648a92bfe5eb631ab63eaa76d9aa,junk
4870ee155c0bb92295e959993763fb0f,junk
b4f94dfc9b74f41a74337fb4e7a8c34d,junk
24f176e8d2cddcc75dd78313b7c1e30a,junk
526079afca134c2e8bb64fb2c9278d0e,junk
d5afceaba4d6735b5f290148c3fcc5f6,junk
779cdb26fff03dc3ea8ecaff0485a975,junk
62b6cd4988d62f7bebd340c55b51959d,junk
3d13193632f467a7e2ba175f6f67d7c1,junk
09c06055df2d487547f5cbecc3b07564,junk
3e615899d68c165ff0b59341c5574c01,junk
a1ce27137bbca7f1bc90df2f5ef98e26,junk
5b375f6a3cd7b5fa6b57c709c3f757c1,junk
835081099a06917103cfc96bd63add0a,junk
5b667845e8fa55f44f806d9249a2506c,junk
2509a9782e4eb1557332b131ce7d9516,junk
58b2e0216879da786bdce7bfa117a04f,junk
083e9c8cc19b6736e89fad7500f22bbb,junk
0bfc7d87b3d5ca98bee11f0f00085671,junk
b37960fa89b9869c673a69f6083396b5,junk
fc25f59aa9c90169543b8ec4d075bba2,junk
7eed5b1019298d1bec4cd99010854686,junk
8df0f6049cf08d4c0e62e81583be4fb7,junk
0f64200f51be8b82c64049d98588219c,junk
9f076cbe9e088c6695ba5fa15e203cdc,junk
aa2c839fc97a5ca3e391e9f6b0960c91,junk
bb0fde5cd8e5547325b6b6aa61d57bc0,junk
b77871d82b1b4a62b1b55dfd5d4456ca,junk
609042437a2abc12382ed5a166e1ec47,junk
b03be82cc56b9cbcbc62f21da7a0c8d8,junk
46c57123e1fb105167de23c5b0e01653,junk
c4c30309ceaced35d49b0155cc78693d,junk
b504083916db9563e2fc58d024ae31f8,junk
10a8de89c582c9a74e8490dbc7b1b2e3,junk
2d6b3bae5223fc62b96389996a7d59a0,junk
85fc9e9ff88cf6590f3a197b040307f5,junk
4224a8c54e68b990878648645699d232,junk
d2fad8c8c84cf769de590043bf6085bb,junk
96fa773bf27887295ca317a3e9bb5e1a,junk
9177b13273339d6cd7d716efa2ac907a,junk
6273db0e1d1e66bf6f7db814e52c0a04,junk
78aa60f918121f586f62e4f46befdfa3,junk
3610996007f84096b3c5156f28ecd632,junk
8041d745777c6716a16db08eb6cada12,junk
81cc38a2724c78a7fac91b29208b33bd,junk
293ecd36988788a24cc414540d505ead,junk
19dd5e7147be60eec6a7d41d914a3c85,junk
104bc2852e6c5ce77a3eee2b683bc1f8,junk
0afa522c2993aad2ac764b97c1613795,junk
977c923894985835c523cf3582dc679f,junk
c6759c38e2ec7495f43e1df2e4ed4455,junk
05db84b009dd41d474e28e84bf349eec,junk
c8cdb2df8df3843b80ff4e9ea914959e,junk
c9686c151d4fe20c9801d5ebb377a8bb,junk
263b685eab48955e2840f69b3590432b,junk
facf744b1151b530cb881cff33731594,junk
bb13d5a4714e423b98d0b588f0f666a4,junk
ea2c02535944c06e4c20a50c668e30e5,junk
0b7590c273fce98bed9f54cb04d3c524,junk
1d475ad394d4716fd978380ad8478a83,junk
d43513c1b8e12c5a02fab02f9414e77b,junk
15806276c9861821c0cc0a38bca92fa7,junk
722635fcf15aad1030ca79f8761c39df,junk
6a3e51a95fe2315bb3505d153ba2078d,junk
c20c54280b2910fd35aa6e53b259f1e2,junk
9d9002554049e3bef562864bf25ca804,junk
8da038bfaa3b2d9f378bb6dbe91e38fb,junk
fc6fe65c413019a51e21ea44708cc785,junk
f1a1dc602da923698e07114e3ad9e139,junk
1e7c361646adc1b33d71ff0886e21d4c,junk
452dad8d876bcea3ce3f3643613ab1f2,junk
96b07dfa12fa430b4548b09da1bc6bd0,junk
e610f4e32b1449dd6008a859d547d8e2,junk
c3d5ec0d9f0425dcce53d9e732f27391,junk
1e51509953e1e724ec3aa3b1fd4abd03,junk
ba79ae436dca66ed6ee4d83cc8e611cf,junk
fb3b667454260cc6286457de3bac1805,junk
afaff2bbdb3d9f8d868e8225c92d9fbd,junk
ddd62e3e801226dd284c2e042c0fb9e6,junk
41c13bf18fb305255a28611fd857053c,junk
5754f6d0560631735d239317a4d8bb52,junk
00a01e199cd3bad6e644fa7738c53958,junk
13f45d81b64e7e9f651923b5bf80a04d,junk
d3ba6af2c5347874470fb7c83db41b7e,junk
03df95bfd7fa4f1622d7f516c105e5ef,junk
d280be7740aaf96be8f5fde82c98cb2c,junk
cb21f7f560721b7fd29c76c8a16797f5,junk
632990e221b0cc5680c7ff9a3b6c5944,junk
9c6e7ae85bfa19d4d5be755aa0c0ba6a,junk
a6aeb0249ce7042b0eace1422142b884,junk
53560f2e0002aa2bbaacd4a3c62249e2,junk
d770970e2413ff5e119bd28a3054cb92,junk
1bab1d26af1eab2b4db2ff37d5267273,junk
cea83820fd07036d90d9ba0f03c70b3e,junk
9ca0ee257ceb463b11f92c6f658e7e7f,junk
7bdb66a4ff77f59fd66f62a47286e312,junk
70f2433f5538ecb8736591e8acde2802,junk
53ee42683cddec2e4014a2c7590a2e93,junk
fd11b5f478d8e84b8c139190ab3c2503,junk
39157e0a09ace1496951b40406a272e8,junk
75744a78d495ae48d9d2e3db35ee9e63,junk
0bf7e6050c1e3d4c75fd57e1f84a7c9b,junk
95be5486265a7a70b002c36ab14dda7a,junk
89f48aff5ad5f31492f1e2dd9095c6fc,junk
612fa9a6e565643d39f6d12d74541efb,junk
8739fd2ffe4067f607ade670af26cbed,junk
f2bdd998f426dc25d5d16042cb2ed1f4,junk
5ce6b93546413fb168320f008720e9f8,junk
d55ac6323b60e65b3e0d8b24cf69b831,junk
68d9e9f7bcc1a10f9365e766f63cce57,junk
38bab67c7a25cd78099af02eb932b540,junk
67d07eb4adec19e7c85474305a0ee8d3,junk
3a74c1f7428672dcc5757fdea0c1c8dd,junk
418ea2aaf3d0048a7f9b61489f691284,junk
c2e68b85aa479daf95764e47a8a8602d,junk
d5edfcef3777ef5431529f417e14b727,junk
50bf758801abb15a84809c6711cb60ce,junk
409b9b239af45e16740607d6f93ef4a3,junk
b68c40e6561d5ac63083d51403fe27bd,junk
103720fb4f2a15265d672f5158541df3,junk
50a5ed8ea1fbdda8ac3ff854767b58ca,junk
d7cc77f385ad9b200e84ffb72b737ef0,junk
4a6d2771481f4f386c70838eaba853f7,junk
34695a157b42111d9dd07a5ad9d463c3,junk
c0d2af749d0e37a0f29b9fcbf09c41da,junk
dc229ec01f3b10754bcc9e034dc28c51,junk
77b9be871d0778ab80d455f7b9f1a4bc,junk
691e169bc385bf7e79829f135091b6f2,junk
ae9043ece934e1a05a50df35d00ba1bb,junk
8f197ea6c573faa5017f06e10756d1b4,junk
b54c2d998e528ccc4dffde1150a6af41,junk
750ddd95ddb3c5ea8c5e22921b6c52ac,junk
8f62b634c7d6c7801bdf8c2c013dd53d,junk
d37342b8edca33058f165dc7ec3ea6ad,junk
2ef84fa60c7b415f0a70004d672658fa,junk
74b1cf4f51e7f5380acb4de2aa937b51,junk
221eb30bdaab13ef94314b98f84e3da2,junk
8c585caa363505c0d0576aaf6940b96a,junk
286118ba170683422c587654e9df218a,junk
c06120b36b0baab3807a2901ab427bdb,junk
1bca5c2435399acc5079cbb629561579,junk
99417aee50814487d89f82bc7eaff609,junk
eac2e98e46b147fabca290a11cc42425,junk
878b8af9bb2afa508d5ac21e4014efd8,junk
0053a7138cdb88e8a9d72f551af126f9,junk
3d23bb8696c44eb475d3084242423641,junk
c9ecda5f58cfe2a98442e87cdbd52b20,junk
91a5cba14b7a36d8ba12f2e0521bedf5,junk
d9f4f4e3a38dabbe8d8e8286ae873248,junk
bb8c04d09b701c260d7b38c433c86716,junk
9f5539eed5aa23ab7cc445d8f67e1570,junk
31566502fa0d440d7ef48f160cf8265f,junk
6be41a18d6cc00dc3f958a7df81143ec,junk
4aa323f60109a6750d82f1f6a178d0a7,junk
1e27493f263265c8e281b310750bfef6,junk
3cc08f3237559e95f0117e22dc08e002,junk
3a51f512dae632b00dc58818a8a29ba5,junk
f86e0a38b3314a68797e3dd13d900cbd,junk
f983cbc9f37c3b282abdad5db99f72a6,junk
34a2d5ba0f1189391d831c13e3eedd64,junk
12d1b1f04230ca30052effa81f7f1fe5,junk
5c690f6a86bcc87928b0b97373a74245,junk
379afec44eb65f25c2692dd20ac3be85,junk
06823a6863f8265e79201c6490531b13,junk
63769c87dd1231b9dbefd0f1b9109cff,junk
8e82884823d4d4adc36b2de54e4b4741,junk
9e79fa53efe53e71b96937e9322168a3,junk
6233f4ea55371d3d57978983d92afb50,junk
81fbc00336fd1a0d369db5af8ac554ab,junk
f16968f7473c60624a8ffc5018925303,junk
71dd79201d572cd43ffe9db96209aca4,junk
401b34e827704371a34bcd3914163430,junk
